Method,Target_Feature,Effect_Size,AUC_Mean,AUC_Std,Delta_AUC,Normalized_Delta,RSD_QC,RSD_Pat,AUC_Raw_Mean,RSD_QC_Raw
INSOC,0,0.01,0.5,0.18002057495577392,0.015432098765432056,1.5432097222222334,7.599877364060643,12.31406996108878,0.48456790123456794,9.168907954552049
INSOC,1,0.01,0.46913580246913583,0.16944416334951612,-0.018518518518518434,-1.8518516666666769,14.826430790118907,15.413477342909971,0.48765432098765427,33.77667483416764
INSOC,2,0.01,0.5679012345679012,0.14821243461164163,0.01851851851851849,1.8518516666666824,4.5808182913163575,11.028796435582558,0.5493827160493827,11.816788244580854
INSOC,3,0.01,0.49074074074074076,0.15270761576361708,0.00925925925925919,0.9259258333333357,5.543297975992333,11.688524029156158,0.48148148148148157,14.581531813810592
INSOC,4,0.01,0.5648148148148149,0.21114359724058115,0.03395061728395066,3.395061388888927,7.602586936233682,11.213941219982557,0.5308641975308642,8.4158085563581
INSOC,5,0.01,0.47839506172839513,0.17112242315591497,-0.012345679012345623,-1.2345677777777846,7.693354735570218,11.514779126006045,0.49074074074074076,18.620262298166132
INSOC,6,0.01,0.5030864197530864,0.1739383062173503,0.0185185185185186,1.8518516666666935,10.490666073490463,14.17302008277535,0.48456790123456783,34.90798298314577
INSOC,7,0.01,0.47530864197530875,0.1704531021170874,-0.018518518518518323,-1.8518516666666658,26.5653515936725,36.679239830343256,0.4938271604938271,30.510963333447922
INSOC,8,0.01,0.4660493827160494,0.16395833315177072,-0.012345679012345623,-1.2345677777777846,6.4768861363960735,13.753779779295847,0.478395061728395,25.9828561574089
INSOC,9,0.01,0.48148148148148145,0.18002057495577392,-0.003086419753086378,-0.3086419444444434,8.361992946457358,14.605012355826863,0.48456790123456783,26.47473479327075
INSOC,10,0.01,0.6358024691358025,0.19529990147600465,0.0864197530864198,8.641974444444536,5.642489383693631,13.824750796772392,0.5493827160493827,15.588235109929796
INSOC,11,0.01,0.4938271604938272,0.17557361300404803,0.012345679012345734,1.2345677777777957,9.522632347324306,16.55364385442115,0.48148148148148145,40.44292499063709
INSOC,12,0.01,0.47839506172839513,0.16706627904597976,-0.018518518518518434,-1.8518516666666769,7.892790210937663,14.446780845598115,0.49691358024691357,19.679643475519555
INSOC,13,0.01,0.47530864197530864,0.17638558101517962,-0.030864197530864224,-3.086419444444478,17.133341981452688,20.772047498978093,0.5061728395061729,39.63121784075345
INSOC,14,0.01,0.47530864197530864,0.17783778136898684,-0.006172839506172811,-0.6172838888888923,5.979845978586936,13.809842211971462,0.48148148148148145,28.428162006447895
INSOC,15,0.01,0.47839506172839513,0.17943755374998313,-0.0061728395061727,-0.6172838888888812,7.944661158110853,13.389160591325663,0.48456790123456783,30.48030659946083
INSOC,16,0.01,0.4938271604938272,0.16859876893515635,-0.0030864197530863224,-0.3086419444444378,8.064028779994272,18.651124701498265,0.4969135802469135,35.6406719934226
INSOC,17,0.01,0.4938271604938272,0.19145756073173853,0.009259259259259356,0.9259258333333523,3.590162471825733,10.072397863627597,0.48456790123456783,23.1023523310738
INSOC,18,0.01,0.4938271604938272,0.1741025281008698,-0.0061728395061727,-0.6172838888888812,30.26179052601572,43.35771701074359,0.4999999999999999,51.931989871637775
INSOC,19,0.01,0.4876543209876544,0.17475787243076626,0.009259259259259356,0.9259258333333523,14.968777127830304,30.93480501844733,0.478395061728395,61.38349961491213
INSOC,20,0.01,0.49691358024691357,0.193978473610749,0.0,0.0,4.833377862606583,12.192090558656203,0.49691358024691357,23.27253935146643
INSOC,21,0.01,0.5154320987654321,0.18196793793807006,0.015432098765432167,1.5432097222222445,14.044868204333975,23.45524407647676,0.4999999999999999,57.027462171254314
INSOC,22,0.01,0.478395061728395,0.17654752649475422,-0.0432098765432099,-4.320987222222268,9.627189015451917,18.06947957512981,0.5216049382716049,23.062041349470633
INSOC,23,0.01,0.4876543209876544,0.17475787243076626,-0.0030864197530863224,-0.3086419444444378,10.89490766619139,23.986756188937076,0.4907407407407407,39.89587676082198
INSOC,24,0.01,0.48456790123456783,0.16202968825193442,0.0,0.0,8.848946964391422,15.047919296625503,0.48456790123456783,28.89041707997307
INSOC,25,0.01,0.48456790123456794,0.17178913642068824,0.003086419753086489,0.3086419444444545,15.34419675213118,18.237174811882912,0.48148148148148145,33.99107814630658
INSOC,26,0.01,0.5277777777777779,0.16302608205239827,0.018518518518518712,1.8518516666667046,10.646979618261105,18.237321771842286,0.5092592592592592,36.07572107612504
INSOC,27,0.01,0.49074074074074076,0.17858612520357325,0.006172839506172922,0.6172838888889034,37.872472550242684,43.37374116697613,0.48456790123456783,59.97262674574255
INSOC,28,0.01,0.48148148148148145,0.17470335429734454,-0.003086419753086378,-0.3086419444444434,28.041121078132157,28.835777333275463,0.48456790123456783,56.456872012447654
INSOC,29,0.01,0.49691358024691357,0.17393830621735024,0.012345679012345734,1.2345677777777957,27.552390155913127,27.829028279435043,0.48456790123456783,49.61038194674126
INSOC,30,0.01,0.48456790123456783,0.16620879034365754,0.003086419753086378,0.3086419444444434,118.25277711825836,95.62527498400416,0.48148148148148145,128.8599398887483
INSOC,0,0.013,0.5246913580246914,0.18023211506983253,0.00925925925925919,0.7122506574621948,7.599877364060643,12.332899928312523,0.5154320987654322,9.168907954552049
INSOC,1,0.013,0.4660493827160494,0.17799840562094094,-0.012345679012345623,-0.9496675432829292,14.826430790118907,15.40651339574876,0.478395061728395,33.77667483416764
INSOC,2,0.013,0.5709876543209877,0.14763284868026422,0.021604938271604923,1.6619182007451327,4.5808182913163575,11.088771940681601,0.5493827160493828,11.816788244580854
INSOC,3,0.013,0.4938271604938272,0.14859756934828053,0.009259259259259245,0.7122506574621991,5.543297975992333,11.715556916566253,0.48456790123456794,14.581531813810592
INSOC,4,0.013,0.5740740740740741,0.21114359724058115,0.01851851851851849,1.4245013149243981,7.602586936233682,11.279855333074169,0.5555555555555556,8.4158085563581
INSOC,5,0.013,0.47530864197530864,0.15628381359471805,-0.015432098765432112,-1.187084429103668,7.693354735570218,11.50946864933277,0.49074074074074076,18.620262298166132
INSOC,6,0.013,0.49691358024691357,0.16740804472000761,0.012345679012345734,0.9496675432829378,10.490666073490463,14.181876978283828,0.48456790123456783,34.90798298314577
INSOC,7,0.013,0.462962962962963,0.15438270370863955,-0.030864197530864168,-2.374168858207332,26.5653515936725,36.648574666410845,0.4938271604938272,30.510963333447922
INSOC,8,0.013,0.48148148148148145,0.17858612520357325,0.006172839506172811,0.4748337716414646,6.4768861363960735,13.760827498551498,0.47530864197530864,25.9828561574089
INSOC,9,0.013,0.48456790123456794,0.17475787243076626,0.0092592592592593,0.7122506574622034,8.361992946457358,14.617419681539829,0.47530864197530864,26.47473479327075
INSOC,10,0.013,0.6512345679012346,0.19559233972536869,0.0864197530864198,6.647672802980539,5.642489383693631,13.906762511383008,0.5648148148148148,15.588235109929796
INSOC,11,0.013,0.4938271604938271,0.1808652509133779,0.015432098765432056,1.1870844291036637,9.522632347324306,16.539463534118216,0.478395061728395,40.44292499063709
INSOC,12,0.013,0.48765432098765427,0.17028536079177437,0.0030864197530864335,0.23741688582073445,7.892790210937663,14.440234180407503,0.48456790123456783,19.679643475519555
INSOC,13,0.013,0.4722222222222222,0.17906555190568257,-0.03395061728395066,-2.6115857440280705,17.133341981452688,20.781477092543458,0.5061728395061729,39.63121784075345
INSOC,14,0.013,0.47530864197530864,0.1658645536116593,-0.006172839506172811,-0.4748337716414646,5.979845978586936,13.81201799692009,0.48148148148148145,28.428162006447895
INSOC,15,0.013,0.47530864197530864,0.16740804472000761,-0.00925925925925919,-0.7122506574621948,7.944661158110853,13.3838698184631,0.48456790123456783,30.48030659946083
INSOC,16,0.013,0.4938271604938272,0.163434596233009,-0.0030864197530863224,-0.23741688582072593,8.064028779994272,18.677119350083853,0.4969135802469135,35.6406719934226
INSOC,17,0.013,0.5061728395061729,0.2052875203495789,0.021604938271605034,1.6619182007451412,3.590162471825733,10.10182109880624,0.48456790123456783,23.1023523310738
INSOC,18,0.013,0.4907407407407407,0.17665540766980475,0.0,0.0,30.26179052601572,43.291527230231836,0.4907407407407407,51.931989871637775
INSOC,19,0.013,0.48456790123456783,0.17327986231627407,0.0,0.0,14.968777127830304,30.947266396612484,0.48456790123456783,61.38349961491213
INSOC,20,0.013,0.5061728395061729,0.19762729127879164,0.006172839506172867,0.4748337716414689,4.833377862606583,12.225041866557307,0.5,23.27253935146643
INSOC,21,0.013,0.5216049382716049,0.19235106729485044,0.01851851851851849,1.4245013149243981,14.044868204333975,23.4846840689238,0.5030864197530864,57.027462171254314
INSOC,22,0.013,0.49074074074074076,0.18564757088669837,-0.03395061728395049,-2.6115857440280577,9.627189015451917,18.09064941449886,0.5246913580246912,23.062041349470633
INSOC,23,0.013,0.4907407407407407,0.17665540766980475,-0.003086419753086378,-0.23741688582073017,10.89490766619139,23.995175504613865,0.4938271604938271,39.89587676082198
INSOC,24,0.013,0.4938271604938272,0.16603676118904648,0.006172839506172922,0.47483377164147317,8.848946964391422,15.060787394866102,0.48765432098765427,28.89041707997307
INSOC,25,0.013,0.4876543209876544,0.17128934475940258,0.006172839506172922,0.47483377164147317,15.34419675213118,18.234801148901038,0.48148148148148145,33.99107814630658
INSOC,26,0.013,0.5339506172839505,0.16025623439194037,0.02777777777777768,2.136751972386593,10.646979618261105,18.30621341054274,0.5061728395061729,36.07572107612504
INSOC,27,0.013,0.49074074074074076,0.17858612520357325,0.006172839506172922,0.47483377164147317,37.872472550242684,43.4009913272139,0.48456790123456783,59.97262674574255
INSOC,28,0.013,0.48456790123456794,0.17028536079177437,-0.0030864197530863224,-0.23741688582072593,28.041121078132157,28.85468400201272,0.48765432098765427,56.456872012447654
INSOC,29,0.013,0.49074074074074076,0.17322487901731207,0.003086419753086489,0.23741688582073872,27.552390155913127,27.85178949527457,0.48765432098765427,49.61038194674126
INSOC,30,0.013,0.4876543209876544,0.16825942185727175,0.006172839506172922,0.47483377164147317,118.25277711825836,95.66835171333764,0.48148148148148145,128.8599398887483
INSOC,0,0.0169,0.5308641975308642,0.1908595658486458,-1.1102230246251565e-16,-6.569366620896393e-15,7.599877364060643,12.367532043874517,0.5308641975308643,9.168907954552049
INSOC,1,0.0169,0.46913580246913583,0.1754107683750966,-0.003086419753086378,-0.18262837695017758,14.826430790118907,15.406226925498704,0.4722222222222222,33.77667483416764
INSOC,2,0.0169,0.5771604938271605,0.14509455893263162,0.0030864197530864335,0.1826283769501809,4.5808182913163575,11.17761892724755,0.5740740740740741,11.816788244580854
INSOC,3,0.0169,0.5123456790123456,0.15828248648096405,0.012345679012345512,0.7305135078007103,5.543297975992333,11.761595717413725,0.5000000000000001,14.581531813810592
INSOC,4,0.0169,0.5956790123456791,0.21441178312294332,-0.006172839506172645,-0.3652567539003486,7.602586936233682,11.376266569059197,0.6018518518518517,8.4158085563581
INSOC,5,0.0169,0.462962962962963,0.15767950338820744,-0.033950617283950546,-2.0089121464519764,7.693354735570218,11.514492328748965,0.49691358024691357,18.620262298166132
INSOC,6,0.0169,0.5,0.16871173294711667,0.015432098765432167,0.9131418847509044,10.490666073490463,14.203394308748033,0.48456790123456783,34.90798298314577
INSOC,7,0.0169,0.4598765432098766,0.15499851270974965,-0.03703703703703698,-2.1915405234021574,26.5653515936725,36.61290506892611,0.49691358024691357,30.510963333447922
INSOC,8,0.0169,0.48148148148148145,0.16972502573910517,-0.003086419753086378,-0.18262837695017758,6.4768861363960735,13.779918631005764,0.48456790123456783,25.9828561574089
INSOC,9,0.0169,0.49691358024691357,0.17927821890688403,0.021604938271604923,1.2783986386512596,8.361992946457358,14.643121118645706,0.47530864197530864,26.47473479327075
INSOC,10,0.0169,0.6697530864197531,0.19748263300057273,0.08641975308641969,5.113594554605038,5.642489383693631,14.021672328883136,0.5833333333333334,15.588235109929796
INSOC,11,0.0169,0.5,0.1582222915799543,0.02160493827160498,1.278398638651263,9.522632347324306,16.52995630672364,0.478395061728395,40.44292499063709
INSOC,12,0.0169,0.47530864197530864,0.1616765537494913,-0.012345679012345623,-0.730513507800717,7.892790210937663,14.441146983957474,0.48765432098765427,19.679643475519555
INSOC,13,0.0169,0.47530864197530875,0.17735503578467463,-0.033950617283950546,-2.0089121464519764,17.133341981452688,20.800680126659607,0.5092592592592593,39.63121784075345
INSOC,14,0.0169,0.48765432098765427,0.16825942185727175,0.0030864197530864335,0.1826283769501809,5.979845978586936,13.824580087225687,0.48456790123456783,28.428162006447895
INSOC,15,0.0169,0.47839506172839513,0.17112242315591497,-0.0061728395061727,-0.3652567539003519,7.944661158110853,13.387431424429364,0.48456790123456783,30.48030659946083
INSOC,16,0.0169,0.4876543209876544,0.16096796062228763,-0.0061728395061727,-0.3652567539003519,8.064028779994272,18.71835943161932,0.4938271604938271,35.6406719934226
INSOC,17,0.0169,0.5277777777777777,0.188398055086813,0.0339506172839506,2.00891214645198,3.590162471825733,10.15286451591381,0.4938271604938271,23.1023523310738
INSOC,18,0.0169,0.48456790123456783,0.1838428717510547,-0.009259259259259245,-0.5478851308505394,30.26179052601572,43.20943283218636,0.4938271604938271,51.931989871637775
INSOC,19,0.0169,0.48456790123456783,0.17327986231627407,-0.0030864197530864335,-0.1826283769501809,14.968777127830304,30.968731281300855,0.48765432098765427,61.38349961491213
INSOC,20,0.0169,0.5,0.20579732195271178,0.006172839506172922,0.36525675390036505,4.833377862606583,12.278677228223547,0.4938271604938271,23.27253935146643
INSOC,21,0.0169,0.5308641975308642,0.19220243798691683,0.02777777777777779,1.6436553925516213,14.044868204333975,23.529501929558837,0.5030864197530864,57.027462171254314
INSOC,22,0.0169,0.4938271604938272,0.19145756073173859,-0.0339506172839506,-2.00891214645198,9.627189015451917,18.125629152457535,0.5277777777777778,23.062041349470633
INSOC,23,0.0169,0.48456790123456794,0.1847732042851329,-0.0030864197530863224,-0.1826283769501743,10.89490766619139,24.01233699670569,0.48765432098765427,39.89587676082198
INSOC,24,0.0169,0.4938271604938272,0.16808949140975435,-0.003086419753086378,-0.18262837695017758,8.848946964391422,15.086510020785976,0.49691358024691357,28.89041707997307
INSOC,25,0.0169,0.4876543209876544,0.17622348671136048,0.0030864197530865445,0.18262837695018744,15.34419675213118,18.239490982317133,0.48456790123456783,33.99107814630658
INSOC,26,0.0169,0.5401234567901235,0.15773990542198318,0.015432098765432278,0.913141884750911,10.646979618261105,18.402944193204885,0.5246913580246912,36.07572107612504
INSOC,27,0.0169,0.4876543209876544,0.17959674723427352,0.0030864197530865445,0.18262837695018744,37.872472550242684,43.44010644303607,0.48456790123456783,59.97262674574255
INSOC,28,0.0169,0.4938271604938271,0.17606124317224273,0.0,0.0,28.041121078132157,28.884295584148163,0.4938271604938271,56.456872012447654
INSOC,29,0.0169,0.49074074074074076,0.17322487901731207,0.003086419753086489,0.18262837695018416,27.552390155913127,27.886639526741615,0.48765432098765427,49.61038194674126
INSOC,30,0.0169,0.4876543209876544,0.16149969693766825,0.006172839506172922,0.36525675390036505,118.25277711825836,95.72691236619815,0.48148148148148145,128.8599398887483
INSOC,0,0.022,0.5648148148148148,0.18002057495577392,0.006172839506172756,0.2805836011631434,7.599877364060643,12.429771047925675,0.558641975308642,9.168907954552049
INSOC,1,0.022,0.47530864197530864,0.18492780467833633,0.0,0.0,14.826430790118907,15.42062900076755,0.47530864197530864,33.77667483416764
INSOC,2,0.022,0.617283950617284,0.1294825738481669,0.024691358024691357,1.1223344046525887,4.5808182913163575,11.311665203955227,0.5925925925925927,11.816788244580854
INSOC,3,0.022,0.5370370370370371,0.159839597237334,0.02777777777777768,1.262626205234158,5.543297975992333,11.8399233914079,0.5092592592592594,14.581531813810592
INSOC,4,0.022,0.6203703703703705,0.2210617849317282,-0.006172839506172756,-0.2805836011631434,7.602586936233682,11.51991533254165,0.6265432098765432,8.4158085563581
INSOC,5,0.022,0.4938271604938271,0.17654752649475422,-0.015432098765432112,-0.7014590029078687,7.693354735570218,11.541125783455922,0.5092592592592592,18.620262298166132
INSOC,6,0.022,0.4969135802469135,0.16689513376044166,0.0030864197530864335,0.14029180058157423,10.490666073490463,14.248311795182127,0.4938271604938271,34.90798298314577
INSOC,7,0.022,0.45679012345679015,0.1566491054376484,-0.02777777777777768,-1.262626205234158,26.5653515936725,36.57335729693116,0.48456790123456783,30.510963333447922
INSOC,8,0.022,0.48456790123456794,0.16774911409507642,0.0,0.0,6.4768861363960735,13.821545758999331,0.48456790123456794,25.9828561574089
INSOC,9,0.022,0.5,0.19065981742568522,0.018518518518518545,0.8417508034894429,8.361992946457358,14.692774780757825,0.48148148148148145,26.47473479327075
INSOC,10,0.022,0.691358024691358,0.20514826367757863,0.08333333333333326,3.787878615702484,5.642489383693631,14.185534108331868,0.6080246913580247,15.588235109929796
INSOC,11,0.022,0.5,0.161970885967925,0.02160493827160498,0.9820426040710171,9.522632347324306,16.532601519136765,0.478395061728395,40.44292499063709
INSOC,12,0.022,0.4938271604938272,0.1503184649615546,-0.0030864197530863224,-0.14029180058156918,7.892790210937663,14.458216250533987,0.4969135802469135,19.679643475519555
INSOC,13,0.022,0.5,0.16249934050726153,-0.012345679012345734,-0.5611672023262969,17.133341981452688,20.83744928270763,0.5123456790123457,39.63121784075345
INSOC,14,0.022,0.5030864197530864,0.16944416334951612,0.02160493827160498,0.9820426040710171,5.979845978586936,13.857366980086972,0.48148148148148145,28.428162006447895
INSOC,15,0.022,0.48148148148148145,0.1756820922315766,-0.009259259259259245,-0.42087540174472016,7.944661158110853,13.409670315106887,0.4907407407407407,30.48030659946083
INSOC,16,0.022,0.5,0.15101394842870455,0.003086419753086489,0.14029180058157675,8.064028779994272,18.784750178015422,0.4969135802469135,35.6406719934226
INSOC,17,0.022,0.5308641975308641,0.19220243798691686,0.024691358024691246,1.1223344046525838,3.590162471825733,10.240828046960909,0.5061728395061729,23.1023523310738
INSOC,18,0.022,0.478395061728395,0.18039060736052417,-0.018518518518518545,-0.8417508034894429,30.26179052601572,43.1087837988035,0.49691358024691357,51.931989871637775
INSOC,19,0.022,0.48456790123456783,0.17327986231627407,-0.006172839506172922,-0.280583601163151,14.968777127830304,31.005640200429983,0.49074074074074076,61.38349961491213
INSOC,20,0.022,0.5246913580246914,0.17443050803635549,0.0030864197530865445,0.14029180058157928,4.833377862606583,12.366758586819204,0.5216049382716048,23.27253935146643
INSOC,21,0.022,0.5493827160493827,0.1864667588517681,0.043209876543209846,1.9640852081420292,14.044868204333975,23.599075369745005,0.5061728395061729,57.027462171254314
INSOC,22,0.022,0.5216049382716049,0.2027662679710721,-0.015432098765432167,-0.7014590029078712,9.627189015451917,18.183857657567827,0.5370370370370371,23.062041349470633
INSOC,23,0.022,0.48148148148148145,0.19510469912690256,-0.009259259259259245,-0.42087540174472016,10.89490766619139,24.04521938289011,0.4907407407407407,39.89587676082198
INSOC,24,0.022,0.5030864197530864,0.17045310211708736,0.0030864197530864335,0.14029180058157423,8.848946964391422,15.135224382549486,0.5,28.89041707997307
INSOC,25,0.022,0.49074074074074076,0.17762338975232295,-0.0030864197530864335,-0.14029180058157423,15.34419675213118,18.258721637018912,0.4938271604938272,33.99107814630658
INSOC,26,0.022,0.5709876543209876,0.16149969693766825,0.033950617283950546,1.5432098063973065,10.646979618261105,18.541309822654334,0.5370370370370371,36.07572107612504
INSOC,27,0.022,0.49691358024691357,0.18212491965348063,0.003086419753086489,0.14029180058157675,37.872472550242684,43.497454890698855,0.4938271604938271,59.97262674574255
INSOC,28,0.022,0.4938271604938271,0.17606124317224273,-0.006172839506172811,-0.28058360116314596,28.041121078132157,28.931474632488204,0.4999999999999999,56.456872012447654
INSOC,29,0.022,0.4938271604938271,0.1765475264947542,-0.006172839506172922,-0.280583601163151,27.552390155913127,27.941042841509688,0.5,49.61038194674126
INSOC,30,0.022,0.49074074074074076,0.16666666666666666,0.0092592592592593,0.4208754017447227,118.25277711825836,95.80778308391245,0.48148148148148145,128.8599398887483
INSOC,0,0.0287,0.5925925925925924,0.1870278692289274,-0.012345679012345845,-0.43016301680079544,7.599877364060643,12.539796708945081,0.6049382716049383,9.168907954552049
INSOC,1,0.0287,0.4722222222222222,0.20073595730258148,-0.009259259259259245,-0.32262226260059174,14.826430790118907,15.464528966428102,0.48148148148148145,33.77667483416764
INSOC,2,0.0287,0.6512345679012346,0.1193770346037884,0.021604938271605034,0.7527852794013852,4.5808182913163575,11.516883590259752,0.6296296296296295,11.816788244580854
INSOC,3,0.0287,0.5524691358024693,0.17492132488030562,0.0092592592592593,0.3226222626005937,5.543297975992333,11.972875685192758,0.54320987654321,14.581531813810592
INSOC,4,0.0287,0.6604938271604939,0.1919048340334545,-0.01851851851851849,-0.6452445252011835,7.602586936233682,11.737211742532807,0.6790123456790124,8.4158085563581
INSOC,5,0.0287,0.5216049382716049,0.17162270091923265,0.006172839506172756,0.2150815084003919,7.693354735570218,11.609859337055296,0.5154320987654322,18.620262298166132
INSOC,6,0.0287,0.5308641975308642,0.18399825383689977,0.024691358024691357,0.8603260336015792,10.490666073490463,14.335485522934249,0.5061728395061729,34.90798298314577
INSOC,7,0.0287,0.4444444444444444,0.16197088596792505,-0.037037037037037035,-1.290489050402369,26.5653515936725,36.533487455264996,0.48148148148148145,30.510963333447922
INSOC,8,0.0287,0.5216049382716049,0.17943755374998313,0.024691358024691357,0.8603260336015792,6.4768861363960735,13.904212231910273,0.49691358024691357,25.9828561574089
INSOC,9,0.0287,0.5,0.1933390094242695,0.0092592592592593,0.3226222626005937,8.361992946457358,14.784917815162665,0.4907407407407407,26.47473479327075
INSOC,10,0.0287,0.7222222222222223,0.17470335429734454,0.0864197530864198,3.011141117605529,5.642489383693631,14.42295822273462,0.6358024691358025,15.588235109929796
INSOC,11,0.0287,0.5030864197530864,0.1616765537494913,0.01851851851851849,0.6452445252011835,9.522632347324306,16.561636810051507,0.48456790123456794,40.44292499063709
INSOC,12,0.0287,0.5,0.13981174880131017,-0.0030864197530865445,-0.10754075420020176,7.892790210937663,14.507447586366789,0.5030864197530865,19.679643475519555
INSOC,13,0.0287,0.5061728395061729,0.1591826784966374,-0.0092592592592593,-0.3226222626005937,17.133341981452688,20.905379305583637,0.5154320987654322,39.63121784075345
INSOC,14,0.0287,0.5277777777777778,0.16769231737291512,0.040123456790123524,1.3980298046025688,5.979845978586936,13.92797169121646,0.48765432098765427,28.428162006447895
INSOC,15,0.0287,0.5030864197530865,0.16994938145600252,0.0030864197530866555,0.10754075420020562,7.944661158110853,13.468539821548248,0.4999999999999999,30.48030659946083
INSOC,16,0.0287,0.5154320987654322,0.1598991832961558,0.012345679012345734,0.43016301680079155,8.064028779994272,18.892853881946284,0.5030864197530864,35.6406719934226
INSOC,17,0.0287,0.5740740740740742,0.17762338975232295,0.06481481481481499,2.2583558382041518,3.590162471825733,10.391367637951689,0.5092592592592592,23.1023523310738
INSOC,18,0.0287,0.48148148148148145,0.186108807798535,-0.015432098765432056,-0.5377037710009855,30.26179052601572,42.98802035604363,0.4969135802469135,51.931989871637775
INSOC,19,0.0287,0.4876543209876544,0.17475787243076626,-0.00925925925925919,-0.3226222626005898,14.968777127830304,31.069025451989567,0.49691358024691357,61.38349961491213
INSOC,20,0.0287,0.558641975308642,0.16114540101489644,0.0092592592592593,0.3226222626005937,4.833377862606583,12.512193568810147,0.5493827160493827,23.27253935146643
INSOC,21,0.0287,0.5493827160493827,0.1827514980628082,0.043209876543209846,1.5055705588027626,14.044868204333975,23.70889133041206,0.5061728395061729,57.027462171254314
INSOC,22,0.0287,0.5524691358024691,0.21374431719976278,0.015432098765432167,0.5377037710009894,9.627189015451917,18.281287463572692,0.537037037037037,23.062041349470633
INSOC,23,0.0287,0.49691358024691357,0.19704802098163415,0.003086419753086489,0.10754075420019982,10.89490766619139,24.106013170551893,0.4938271604938271,39.89587676082198
INSOC,24,0.0287,0.5154320987654322,0.1732798623162741,0.012345679012345734,0.43016301680079155,8.848946964391422,15.224522610281069,0.5030864197530864,28.89041707997307
INSOC,25,0.0287,0.478395061728395,0.1808652509133779,-0.006172839506172811,-0.21508150840039383,15.34419675213118,18.3061251215803,0.48456790123456783,33.99107814630658
INSOC,26,0.0287,0.5895061728395061,0.1644804024009164,0.043209876543209846,1.5055705588027626,10.646979618261105,18.74270122311041,0.5462962962962963,36.07572107612504
INSOC,27,0.0287,0.49691358024691357,0.18212491965348063,0.003086419753086489,0.10754075420019982,37.872472550242684,43.583251548596024,0.4938271604938271,59.97262674574255
INSOC,28,0.0287,0.4999999999999999,0.17371910221568257,-0.0030864197530865445,-0.10754075420020176,28.041121078132157,29.00772016837461,0.5030864197530864,56.456872012447654
INSOC,29,0.0287,0.49691358024691357,0.17927821890688403,0.0,0.0,27.552390155913127,28.02739031999145,0.49691358024691357,49.61038194674126
INSOC,30,0.0287,0.49074074074074076,0.16666666666666666,0.0092592592592593,0.3226222626005937,118.25277711825836,95.92124487610532,0.48148148148148145,128.8599398887483
INSOC,0,0.0373,0.6327160493827161,0.18368735822674706,-0.0030864197530864335,-0.08274583566596777,7.599877364060643,12.72577681262562,0.6358024691358025,9.168907954552049
INSOC,1,0.0373,0.49691358024691357,0.2051482636775786,5.551115123125783e-17,1.4882345775609451e-15,14.826430790118907,15.561236553977622,0.4969135802469135,33.77667483416764
INSOC,2,0.0373,0.6913580246913581,0.1122201170536904,0.0092592592592593,0.2482375069979033,4.5808182913163575,11.825054207510819,0.6820987654320988,11.816788244580854
INSOC,3,0.0373,0.5864197530864197,0.1773550357846746,0.00925925925925919,0.24823750699790034,5.543297975992333,12.19074736076732,0.5771604938271605,14.581531813810592
INSOC,4,0.0373,0.7006172839506174,0.17410252810086982,-0.00925925925925919,-0.24823750699790034,7.602586936233682,12.059942706993398,0.7098765432098766,8.4158085563581
INSOC,5,0.0373,0.558641975308642,0.14782629647935863,0.01851851851851849,0.4964750139958036,7.693354735570218,11.752022855602423,0.5401234567901235,18.620262298166132
INSOC,6,0.0373,0.5617283950617283,0.19719299808596655,0.058641975308642014,1.5721708776533816,10.490666073490463,14.492414870851302,0.5030864197530863,34.90798298314577
INSOC,7,0.0373,0.44753086419753085,0.1568314322952161,-0.04012345679012341,-1.075695863657575,26.5653515936725,36.50210324134635,0.48765432098765427,30.510963333447922
INSOC,8,0.0373,0.537037037037037,0.1712337223046938,0.01851851851851849,0.4964750139958036,6.4768861363960735,14.055081065087153,0.5185185185185185,25.9828561574089
INSOC,9,0.0373,0.5339506172839507,0.2069512915338298,0.024691358024691357,0.6619666853277392,8.361992946457358,14.946203111161605,0.5092592592592593,26.47473479327075
INSOC,10,0.0373,0.75,0.15603981061437702,0.0771604938271605,2.068645891649185,5.642489383693631,14.761847242899123,0.6728395061728395,15.588235109929796
INSOC,11,0.0373,0.5061728395061729,0.1548140272096846,0.01234567901234579,0.3309833426638726,9.522632347324306,16.640363641908653,0.4938271604938271,40.44292499063709
INSOC,12,0.0373,0.5246913580246914,0.14311139653542754,-0.012345679012345734,-0.3309833426638711,7.892790210937663,14.613855272162656,0.5370370370370371,19.679643475519555
INSOC,13,0.0373,0.5092592592592592,0.15044515564140673,-0.015432098765432167,-0.41372917832983885,17.133341981452688,21.02417661007376,0.5246913580246914,39.63121784075345
INSOC,14,0.0373,0.5679012345679012,0.14529138636962743,0.08333333333333326,2.2341375629811178,5.979845978586936,14.062770926038045,0.48456790123456794,28.428162006447895
INSOC,15,0.0373,0.5216049382716049,0.17459426695964136,0.0092592592592593,0.2482375069979033,7.944661158110853,13.591784778432245,0.5123456790123456,30.48030659946083
INSOC,16,0.0373,0.5339506172839505,0.17654752649475422,0.015432098765431945,0.4137291783298329,8.064028779994272,19.06502974414714,0.5185185185185186,35.6406719934226
INSOC,17,0.0373,0.6080246913580247,0.1663806416289328,0.0679012345679012,1.820408384651282,3.590162471825733,10.63901808423204,0.5401234567901235,23.1023523310738
INSOC,18,0.0373,0.48456790123456783,0.18753651272794214,-0.006172839506172922,-0.16549167133193704,30.26179052601572,42.85188106067482,0.49074074074074076,51.931989871637775
INSOC,19,0.0373,0.5,0.172729241723867,-0.00925925925925919,-0.24823750699790034,14.968777127830304,31.174443010374524,0.5092592592592592,61.38349961491213
INSOC,20,0.0373,0.6203703703703703,0.1666666666666667,0.0493827160493826,1.3239333706554754,4.833377862606583,12.745522421781502,0.5709876543209877,23.27253935146643
INSOC,21,0.0373,0.5771604938271605,0.19010942709178386,0.05246913580246915,1.4066792063214462,14.044868204333975,23.879424863769135,0.5246913580246914,57.027462171254314
INSOC,22,0.0373,0.5648148148148148,0.22642628260439784,0.01851851851851849,0.4964750139958036,9.627189015451917,18.439853917573927,0.5462962962962963,23.062041349470633
INSOC,23,0.0373,0.5123456790123457,0.21401155337481134,0.006172839506172978,0.1654916713319385,10.89490766619139,24.212439838550242,0.5061728395061728,39.89587676082198
INSOC,24,0.0373,0.5493827160493827,0.1706206785319167,0.030864197530864113,0.8274583566596717,8.848946964391422,15.379625524761236,0.5185185185185186,28.89041707997307
INSOC,25,0.0373,0.48456790123456783,0.1717891364206882,-0.009259259259259356,-0.2482375069979048,15.34419675213118,18.402782772046006,0.4938271604938272,33.99107814630658
INSOC,26,0.0373,0.6203703703703703,0.18379104853036307,0.06790123456790131,1.820408384651285,10.646979618261105,19.032024074677313,0.552469135802469,36.07572107612504
INSOC,27,0.0373,0.5,0.17810540797843838,-0.006172839506172867,-0.16549167133193554,37.872472550242684,43.710301005817875,0.5061728395061729,59.97262674574255
INSOC,28,0.0373,0.5061728395061728,0.17062067853191673,-0.0030864197530865445,-0.08274583566597074,28.041121078132157,29.128652949084362,0.5092592592592593,56.456872012447654
INSOC,29,0.0373,0.5123456790123457,0.18707879581100914,0.006172839506172867,0.16549167133193554,27.552390155913127,28.162233377259625,0.5061728395061729,49.61038194674126
INSOC,30,0.0373,0.49074074074074076,0.16666666666666666,-0.0030864197530863224,-0.0827458356659648,118.25277711825836,96.07853003921586,0.4938271604938271,128.8599398887483
INSOC,0,0.0486,0.6820987654320988,0.15664910543764843,0.0092592592592593,0.19051973392468244,7.599877364060643,13.040991544748351,0.6728395061728395,9.168907954552049
INSOC,1,0.0486,0.5092592592592592,0.19641855032959654,-0.0030864197530864335,-0.06350657797489415,14.826430790118907,15.754080008563918,0.5123456790123456,33.77667483416764
INSOC,2,0.0486,0.7376543209876544,0.11498725932220467,-0.015432098765432056,-0.3175328898744685,4.5808182913163575,12.298093924708338,0.7530864197530864,11.816788244580854
INSOC,3,0.0486,0.6388888888888888,0.15983959723733399,0.006172839506172756,0.12701315594978602,5.543297975992333,12.550925827877407,0.6327160493827161,14.581531813810592
INSOC,4,0.0486,0.7376543209876544,0.16978114246265516,-0.024691358024691357,-0.508052623799151,7.602586936233682,12.550478842257665,0.7623456790123457,8.4158085563581
INSOC,5,0.0486,0.6203703703703703,0.15493704195075475,0.05246913580246915,1.079611825573196,7.693354735570218,12.024956693280751,0.5679012345679012,18.620262298166132
INSOC,6,0.0486,0.6080246913580248,0.18259505503393877,0.08024691358024705,1.6511710273472433,10.490666073490463,14.770901469866454,0.5277777777777778,34.90798298314577
INSOC,7,0.0486,0.4382716049382716,0.1745942669596414,-0.046296296296296224,-0.9525986696234066,26.5653515936725,36.493919418862724,0.48456790123456783,30.510963333447922
INSOC,8,0.0486,0.574074074074074,0.159839597237334,0.030864197530864113,0.635065779748937,6.4768861363960735,14.325187652371513,0.5432098765432098,25.9828561574089
INSOC,9,0.0486,0.5864197530864197,0.20639819132469742,0.0493827160493826,1.0161052475982995,8.361992946457358,15.227174754026768,0.5370370370370371,26.47473479327075
INSOC,10,0.0486,0.7746913580246915,0.14607604402715105,0.058641975308642014,1.2066249815229844,5.642489383693631,15.259471775899552,0.7160493827160495,15.588235109929796
INSOC,11,0.0486,0.537037037037037,0.14463425325753065,0.03703703703703709,0.7620789356987275,9.522632347324306,16.81174068498907,0.4999999999999999,40.44292499063709
INSOC,12,0.0486,0.552469135802469,0.12384199165270916,-0.012345679012345845,-0.25402631189957886,7.892790210937663,14.823814214535355,0.5648148148148149,19.679643475519555
INSOC,13,0.0486,0.5462962962962963,0.159839597237334,0.0,0.0,17.133341981452688,21.231730898966294,0.5462962962962963,39.63121784075345
INSOC,14,0.0486,0.5864197530864197,0.14666178235205832,0.05555555555555536,1.1431184035480855,5.979845978586936,14.311102717087824,0.5308641975308643,28.428162006447895
INSOC,15,0.0486,0.5462962962962963,0.1781054079784384,0.021604938271605034,0.44454604582425905,7.944661158110853,13.830721844596045,0.5246913580246912,30.48030659946083
INSOC,16,0.0486,0.5493827160493827,0.18875166483235378,0.024691358024691468,0.5080526237991532,8.064028779994272,19.34517307276611,0.5246913580246912,35.6406719934226
INSOC,17,0.0486,0.691358024691358,0.16273365835140827,0.09876543209876543,2.032210495196604,3.590162471825733,11.048210374154891,0.5925925925925926,23.1023523310738
INSOC,18,0.0486,0.48148148148148157,0.19945054841238907,-0.012345679012345512,-0.25402631189957203,30.26179052601572,42.704747053799046,0.4938271604938271,51.931989871637775
INSOC,19,0.0486,0.5092592592592592,0.17714005990471288,-0.0092592592592593,-0.19051973392468244,14.968777127830304,31.35236823331652,0.5185185185185185,61.38349961491213
INSOC,20,0.0486,0.6635802469135803,0.15900304780729954,0.049382716049382824,1.0161052475983041,4.833377862606583,13.125084266701323,0.6141975308641975,23.27253935146643
INSOC,21,0.0486,0.5895061728395061,0.19145756073173856,0.04938271604938271,1.016105247598302,14.044868204333975,24.151526885229462,0.5401234567901234,57.027462171254314
INSOC,22,0.0486,0.6049382716049382,0.21387797702556072,0.030864197530864113,0.635065779748937,9.627189015451917,18.702278382985686,0.5740740740740741,23.062041349470633
INSOC,23,0.0486,0.537037037037037,0.21516574145596762,0.01851851851851838,0.3810394678493603,10.89490766619139,24.398686243255327,0.5185185185185186,39.89587676082198
INSOC,24,0.0486,0.5925925925925927,0.18379104853036302,0.058641975308642125,1.2066249815229866,8.848946964391422,15.648553982696336,0.5339506172839505,28.89041707997307
INSOC,25,0.0486,0.5030864197530864,0.17095533856945963,0.0030864197530864335,0.06350657797489415,15.34419675213118,18.58835834819886,0.5,33.99107814630658
INSOC,26,0.0486,0.654320987654321,0.17815888505755326,0.08024691358024705,1.6511710273472433,10.646979618261105,19.46075132342199,0.574074074074074,36.07572107612504
INSOC,27,0.0486,0.5092592592592592,0.17810540797843838,0.0,0.0,37.872472550242684,43.90507186203716,0.5092592592592592,59.97262674574255
INSOC,28,0.0486,0.5308641975308642,0.19309249777305004,0.024691358024691357,0.508052623799151,28.041121078132157,29.325397204557945,0.5061728395061729,56.456872012447654
INSOC,29,0.0486,0.5246913580246914,0.18768883698161445,0.00925925925925919,0.19051973392468016,27.552390155913127,28.37869867396723,0.5154320987654322,49.61038194674126
INSOC,30,0.0486,0.49074074074074076,0.16666666666666666,-0.006172839506172811,-0.12701315594978715,118.25277711825836,96.3042902078076,0.49691358024691357,128.8599398887483
INSOC,0,0.0632,0.7191358024691359,0.16220596720334463,-0.015432098765432056,-0.24417877407046332,7.599877364060643,13.554223816079391,0.7345679012345679,9.168907954552049
INSOC,1,0.0632,0.5370370370370371,0.18794243639059666,1.1102230246251565e-16,1.7566819731935707e-15,14.826430790118907,16.1057893671438,0.537037037037037,33.77667483416764
INSOC,2,0.0632,0.8179012345679014,0.10566199239891168,0.018518518518518823,0.2930145288845616,4.5808182913163575,13.006134861212718,0.7993827160493826,11.816788244580854
INSOC,3,0.0632,0.7253086419753088,0.14008402120876814,0.0462962962962965,0.7325363222113952,5.543297975992333,13.125085131302946,0.6790123456790123,14.581531813810592
INSOC,4,0.0632,0.7901234567901236,0.1417066701635679,-0.027777777777777568,-0.43952179332683183,7.602586936233682,13.278497920946956,0.8179012345679012,8.4158085563581
INSOC,5,0.0632,0.6574074074074074,0.1255987033912087,0.024691358024691357,0.39068603851274236,7.693354735570218,12.507208780586367,0.6327160493827161,18.620262298166132
INSOC,6,0.0632,0.6574074074074074,0.18425693279752225,0.08641975308641969,1.3674011347945974,10.490666073490463,15.240976997124308,0.5709876543209877,34.90798298314577
INSOC,7,0.0632,0.462962962962963,0.17665540766980478,-0.04012345679012341,-0.6348648125832056,26.5653515936725,36.53710524572267,0.5030864197530864,30.510963333447922
INSOC,8,0.0632,0.6296296296296295,0.15270761576361708,0.04938271604938249,0.7813720770254812,6.4768861363960735,14.783807983302994,0.580246913580247,25.9828561574089
INSOC,9,0.0632,0.6512345679012346,0.18980854150026913,0.06481481481481488,1.0255508510959497,8.361992946457358,15.695650383560885,0.5864197530864197,26.47473479327075
INSOC,10,0.0632,0.808641975308642,0.1454879475233664,0.04629629629629639,0.7325363222113934,5.642489383693631,15.977979623331686,0.7623456790123456,15.588235109929796
INSOC,11,0.0632,0.6080246913580247,0.14311139653542754,0.0956790123456791,1.513908399236878,9.522632347324306,17.139877380819684,0.5123456790123456,40.44292499063709
INSOC,12,0.0632,0.6111111111111112,0.11490438561102648,0.030864197530864224,0.48835754814092835,7.892790210937663,15.20368225040412,0.5802469135802469,19.679643475519555
INSOC,13,0.0632,0.5956790123456791,0.14351022145139103,0.02777777777777779,0.43952179332683533,17.133341981452688,21.580468142699054,0.5679012345679013,39.63121784075345
INSOC,14,0.0632,0.6419753086419753,0.14130275484271113,0.06481481481481477,1.025550851095948,5.979845978586936,14.741159543027269,0.5771604938271605,28.428162006447895
INSOC,15,0.0632,0.6049382716049383,0.17799840562094096,0.04629629629629639,0.7325363222113934,7.944661158110853,14.257557727423134,0.5586419753086419,30.48030659946083
INSOC,16,0.0632,0.6018518518518517,0.19510469912690256,0.0586419753086419,0.927879341467762,8.064028779994272,19.7904356004502,0.5432098765432098,35.6406719934226
INSOC,17,0.0632,0.7407407407407408,0.14698618394803284,0.1049382716049383,1.6604156636791554,3.590162471825733,11.697111281921105,0.6358024691358025,23.1023523310738
INSOC,18,0.0632,0.48148148148148157,0.20073595730258148,-0.021604938271604868,-0.34185028369864845,30.26179052601572,42.56681104114973,0.5030864197530864,51.931989871637775
INSOC,19,0.0632,0.537037037037037,0.17421192335395166,0.012345679012345512,0.19534301925636854,14.968777127830304,31.644681362344727,0.5246913580246915,61.38349961491213
INSOC,20,0.0632,0.712962962962963,0.1398117488013102,0.04629629629629639,0.7325363222113934,4.833377862606583,13.722956852145673,0.6666666666666666,23.27253935146643
INSOC,21,0.0632,0.6296296296296297,0.18839805508681307,0.0771604938271605,1.22089387035232,14.044868204333975,24.578127719261314,0.5524691358024691,57.027462171254314
INSOC,22,0.0632,0.6666666666666666,0.20786985482077455,0.07098765432098764,1.123222360724134,9.627189015451917,19.124902176523555,0.595679012345679,23.062041349470633
INSOC,23,0.0632,0.5679012345679012,0.20708933576810193,0.0401234567901233,0.6348648125832039,10.89490766619139,24.71246011095274,0.5277777777777779,39.89587676082198
INSOC,24,0.0632,0.6388888888888888,0.1814436846506058,0.07716049382716039,1.2208938703523182,8.848946964391422,16.095883316831838,0.5617283950617284,28.89041707997307
INSOC,25,0.0632,0.5555555555555557,0.17616942213370784,0.040123456790123524,0.6348648125832074,15.34419675213118,18.920163984477263,0.5154320987654322,33.99107814630658
INSOC,26,0.0632,0.7037037037037037,0.17421192335395166,0.10802469135802462,1.7092514184932466,10.646979618261105,20.08752952762976,0.5956790123456791,36.07572107612504
INSOC,27,0.0632,0.5277777777777778,0.18002057495577392,0.006172839506172867,0.09767150962818602,37.872472550242684,44.20112771341394,0.5216049382716049,59.97262674574255
INSOC,28,0.0632,0.5555555555555556,0.18379104853036304,0.04012345679012341,0.6348648125832056,28.041121078132157,29.639655527013065,0.5154320987654322,56.456872012447654
INSOC,29,0.0632,0.5617283950617283,0.1993550032340141,0.02777777777777779,0.43952179332683533,27.552390155913127,28.720490702655297,0.5339506172839505,49.61038194674126
INSOC,30,0.0632,0.4938271604938272,0.16706627904597973,-0.009259259259259245,-0.14650726444227816,118.25277711825836,96.62635252654448,0.5030864197530864,128.8599398887483
INSOC,0,0.0823,0.7777777777777778,0.15658828264155336,-0.0092592592592593,-0.11250618647330637,7.599877364060643,14.376496745561523,0.7870370370370371,9.168907954552049
INSOC,1,0.0823,0.6234567901234569,0.19471370735293217,0.04320987654320996,0.5250288702087617,14.826430790118907,16.720657267066837,0.5802469135802469,33.77667483416764
INSOC,2,0.0823,0.867283950617284,0.09691554609942951,1.1102230246251565e-16,1.3489951532627036e-15,4.5808182913163575,14.061737042752043,0.8672839506172839,11.816788244580854
INSOC,3,0.0823,0.8179012345679013,0.10806877407414567,0.0462962962962965,0.5625309323665318,5.543297975992333,14.027738447440537,0.7716049382716048,14.581531813810592
INSOC,4,0.0823,0.8549382716049383,0.1346754582053792,0.0,0.0,7.602586936233682,14.356306487368714,0.8549382716049383,8.4158085563581
INSOC,5,0.0823,0.7407407407407409,0.11340230290662866,0.030864197530864335,0.3750206215776879,7.693354735570218,13.322653566978666,0.7098765432098766,18.620262298166132
INSOC,6,0.0823,0.7283950617283951,0.19235106729485044,0.10185185185185186,1.2375680512063647,10.490666073490463,16.017229090718985,0.6265432098765432,34.90798298314577
INSOC,7,0.0823,0.4722222222222223,0.16871173294711667,-0.0401234567901233,-0.48752680805099025,26.5653515936725,36.68071245107388,0.5123456790123456,30.510963333447922
INSOC,8,0.0823,0.7222222222222222,0.12695656667409344,0.0586419753086419,0.7125391809976029,6.4768861363960735,15.544084014524309,0.6635802469135803,25.9828561574089
INSOC,9,0.0823,0.7469135802469137,0.17095533856945963,0.08024691358024705,0.9750536161019858,8.361992946457358,16.463248544044013,0.6666666666666666,26.47473479327075
INSOC,10,0.0823,0.845679012345679,0.12291547994901161,0.024691358024691246,0.30001649726214763,5.642489383693631,17.021511478293444,0.8209876543209877,15.588235109929796
INSOC,11,0.0823,0.6790123456790123,0.138028887499987,0.12037037037037024,1.4625804241529747,9.522632347324306,17.731842785555653,0.558641975308642,40.44292499063709
INSOC,12,0.0823,0.6666666666666666,0.12143404674633336,0.033950617283950546,0.412522683735454,7.892790210937663,15.862612903338484,0.6327160493827161,19.679643475519555
INSOC,13,0.0823,0.6574074074074074,0.13608276348795434,0.05555555555555558,0.6750371188398355,17.133341981452688,22.15992386929911,0.6018518518518519,39.63121784075345
INSOC,14,0.0823,0.7222222222222222,0.11857637476727496,0.08950617283950624,1.0875598025752908,5.979845978586936,15.464551316158289,0.632716049382716,28.428162006447895
INSOC,15,0.0823,0.7098765432098766,0.15276998358968621,0.11419753086419748,1.3875762998374386,7.944661158110853,14.989483004738174,0.5956790123456791,30.48030659946083
INSOC,16,0.0823,0.6481481481481483,0.1712337223046938,0.06481481481481488,0.7875433053131419,8.064028779994272,20.497997731022355,0.5833333333333334,35.6406719934226
INSOC,17,0.0823,0.8055555555555557,0.1341794143165689,0.07098765432098786,0.8625474296286808,3.590162471825733,12.707178816056214,0.7345679012345678,23.1023523310738
INSOC,18,0.0823,0.49074074074074076,0.19641855032959657,-0.015432098765432112,-0.18751031078884328,30.26179052601572,42.47212930921205,0.5061728395061729,51.931989871637775
INSOC,19,0.0823,0.5524691358024693,0.15792097290698803,0.012345679012345734,0.15000824863107515,14.968777127830304,32.12459036331163,0.5401234567901235,61.38349961491213
INSOC,20,0.0823,0.8117283950617283,0.1176893578082569,0.07407407407407396,0.9000494917864456,4.833377862606583,14.655057054759087,0.7376543209876544,23.27253935146643
INSOC,21,0.0823,0.6697530864197531,0.20049854035693476,0.10185185185185175,1.2375680512063634,14.044868204333975,25.250901271762487,0.5679012345679013,57.027462171254314
INSOC,22,0.0823,0.7314814814814815,0.19200408660488635,0.08950617283950624,1.0875598025752908,9.627189015451917,19.80316466653636,0.6419753086419753,23.062041349470633
INSOC,23,0.0823,0.6141975308641976,0.22084621999997925,0.05246913580246915,0.6375350566820668,10.89490766619139,25.236056206916853,0.5617283950617284,39.89587676082198
INSOC,24,0.0823,0.6851851851851852,0.17173367584251306,0.07098765432098764,0.8625474296286781,8.848946964391422,16.828621249592487,0.6141975308641976,28.89041707997307
INSOC,25,0.0823,0.6141975308641975,0.18353171292985812,0.0679012345679012,0.8250453674709093,15.34419675213118,19.495201804499,0.5462962962962963,33.99107814630658
INSOC,26,0.0823,0.7623456790123456,0.16876818659867057,0.1265432098765431,1.5375845484685122,10.646979618261105,21.01279637185482,0.6358024691358025,36.07572107612504
INSOC,27,0.0823,0.5524691358024691,0.2051482636775786,0.024691358024691357,0.30001649726214896,37.872472550242684,44.658655903133,0.5277777777777778,59.97262674574255
INSOC,28,0.0823,0.574074074074074,0.1800205749557739,0.033950617283950546,0.412522683735454,28.041121078132157,30.14479058871399,0.5401234567901234,56.456872012447654
INSOC,29,0.0823,0.5895061728395061,0.19806063218684503,0.015432098765432167,0.18751031078884395,27.552390155913127,29.264322623508654,0.574074074074074,49.61038194674126
INSOC,30,0.0823,0.4938271604938272,0.1655196009603941,-0.009259259259259245,-0.1125061864733057,118.25277711825836,97.0956231213369,0.5030864197530864,128.8599398887483
INSOC,0,0.1071,0.8487654320987654,0.11423923162544287,0.0030864197530864335,0.02881811133770609,7.599877364060643,15.63936209869214,0.845679012345679,9.168907954552049
INSOC,1,0.1071,0.7037037037037037,0.18656890444083224,0.06481481481481488,0.6051803380918258,14.826430790118907,17.735804693578945,0.6388888888888888,33.77667483416764
INSOC,2,0.1071,0.9074074074074076,0.0916619901538117,-0.012345679012345623,-0.11527244535082332,4.5808182913163575,15.586769223895109,0.9197530864197532,11.816788244580854
INSOC,3,0.1071,0.8858024691358025,0.09662022124999094,0.021604938271605034,0.20172677936394262,5.543297975992333,15.390170442381521,0.8641975308641975,14.581531813810592
INSOC,4,0.1071,0.9012345679012346,0.1208048505603761,-0.0030864197530864335,-0.02881811133770609,7.602586936233682,15.904916216542484,0.904320987654321,8.4158085563581
INSOC,5,0.1071,0.8395061728395061,0.07264569318481374,0.030864197530864113,0.2881811133770588,7.693354735570218,14.618131298285894,0.808641975308642,18.620262298166132
INSOC,6,0.1071,0.7901234567901236,0.1614996969376683,0.08950617283950635,0.8357252287934746,10.490666073490463,17.241618248074047,0.7006172839506173,34.90798298314577
INSOC,7,0.1071,0.5246913580246914,0.19040983722453309,-0.04938271604938271,-0.4610897814032954,26.5653515936725,37.00406610214186,0.5740740740740741,30.510963333447922
INSOC,8,0.1071,0.8055555555555557,0.10557179862029056,0.04629629629629639,0.4322716700655903,6.4768861363960735,16.746131418350206,0.7592592592592593,25.9828561574089
INSOC,9,0.1071,0.8117283950617283,0.14801949146026913,0.06481481481481466,0.6051803380918237,8.361992946457358,17.66879984776168,0.7469135802469137,26.47473479327075
INSOC,10,0.1071,0.9135802469135802,0.09662022124999094,0.030864197530864113,0.2881811133770588,5.642489383693631,18.505157668073753,0.8827160493827161,15.588235109929796
INSOC,11,0.1071,0.7685185185185186,0.13417941431656888,0.154320987654321,1.4409055668852981,9.522632347324306,18.73148201708064,0.6141975308641976,40.44292499063709
INSOC,12,0.1071,0.7530864197530864,0.11373781341165606,0.02777777777777768,0.25936300203935275,7.892790210937663,16.941022429571124,0.7253086419753088,19.679643475519555
INSOC,13,0.1071,0.7253086419753088,0.11961618750046979,0.08950617283950624,0.8357252287934734,17.133341981452688,23.089850328962946,0.6358024691358025,39.63121784075345
INSOC,14,0.1071,0.8117283950617284,0.09691554609942954,0.095679012345679,0.8933614514688846,5.979845978586936,16.62126721420921,0.7160493827160495,28.428162006447895
INSOC,15,0.1071,0.8148148148148149,0.14344382763731175,0.12654320987654322,1.1815425648459446,7.944661158110853,16.173055382261044,0.6882716049382717,30.48030659946083
INSOC,16,0.1071,0.7407407407407408,0.13608276348795437,0.09876543209876543,0.9221795628065907,8.064028779994272,21.59226416736207,0.6419753086419754,35.6406719934226
INSOC,17,0.1071,0.8981481481481483,0.10557179862029055,0.08024691358024694,0.7492708947803552,3.590162471825733,14.210754443277395,0.8179012345679013,23.1023523310738
INSOC,18,0.1071,0.5216049382716049,0.22136322317334703,-0.012345679012345623,-0.11527244535082332,30.26179052601572,42.48680148712672,0.5339506172839505,51.931989871637775
INSOC,19,0.1071,0.6296296296296298,0.177623389752323,0.04938271604938271,0.4610897814032954,14.968777127830304,32.8932581754718,0.580246913580247,61.38349961491213
INSOC,20,0.1071,0.8580246913580247,0.11597712486454285,0.04938271604938271,0.4610897814032954,4.833377862606583,16.054532421732766,0.808641975308642,23.27253935146643
INSOC,21,0.1071,0.7222222222222223,0.17322487901731212,0.10185185185185197,0.9509976741442978,14.044868204333975,26.29005659723669,0.6203703703703703,57.027462171254314
INSOC,22,0.1071,0.8055555555555556,0.156039810614377,0.11111111111111116,1.037452008157415,9.627189015451917,20.859564155565806,0.6944444444444444,23.062041349470633
INSOC,23,0.1071,0.6728395061728396,0.2162697289056155,0.08333333333333337,0.7780890061180613,10.89490766619139,26.08182832956963,0.5895061728395062,39.89587676082198
INSOC,24,0.1071,0.7530864197530864,0.14130275484271113,0.07407407407407407,0.691634672104943,8.848946964391422,17.981339228023614,0.6790123456790124,28.89041707997307
INSOC,25,0.1071,0.6790123456790123,0.16360936149010585,0.043209876543209735,0.40345355872788213,15.34419675213118,20.444376589539207,0.6358024691358025,33.99107814630658
INSOC,26,0.1071,0.8240740740740741,0.15044515564140667,0.14506172839506182,1.354451232872181,10.646979618261105,22.35509860528004,0.6790123456790123,36.07572107612504
INSOC,27,0.1071,0.5709876543209877,0.210782358999554,-0.0030864197530863224,-0.028818111337705052,37.872472550242684,45.35977923084115,0.5740740740740741,59.97262674574255
INSOC,28,0.1071,0.6203703703703703,0.1959815785973771,0.04938271604938271,0.4610897814032954,28.041121078132157,30.941419777610907,0.5709876543209876,56.456872012447654
INSOC,29,0.1071,0.6327160493827161,0.194125743129832,0.0277777777777779,0.2593630020393548,27.552390155913127,30.114040972346835,0.6049382716049382,49.61038194674126
INSOC,30,0.1071,0.5061728395061729,0.1525828036334355,-0.00925925925925919,-0.08645433401311722,118.25277711825836,97.77808648235737,0.5154320987654321,128.8599398887483
INSOC,0,0.1394,0.8765432098765432,0.09720997375323225,-0.01851851851851849,-0.13284446474658554,7.599877364060643,17.50640942317692,0.8950617283950617,9.168907954552049
INSOC,1,0.1394,0.787037037037037,0.1538263678318162,0.052469135802469036,0.3763926501153256,14.826430790118907,19.332682085969605,0.7345679012345679,33.77667483416764
INSOC,2,0.1394,0.9506172839506173,0.08048398031114379,-0.006172839506172756,-0.04428148824886132,4.5808182913163575,17.73068307406654,0.95679012345679,11.816788244580854
INSOC,3,0.1394,0.9382716049382717,0.07145578335055691,0.012345679012345845,0.08856297649772503,5.543297975992333,17.37290397408246,0.9259259259259258,14.581531813810592
INSOC,4,0.1394,0.9382716049382717,0.10539117949977697,-0.009259259259259078,-0.06642223237329158,7.602586936233682,18.073258147436235,0.9475308641975307,8.4158085563581
INSOC,5,0.1394,0.9197530864197532,0.044298457081504095,0.033950617283950546,0.24354818536874004,7.693354735570218,16.569490745390123,0.8858024691358026,18.620262298166132
INSOC,6,0.1394,0.8888888888888888,0.12627946015727642,0.1080246913580245,0.7749260443550823,10.490666073490463,19.095271974012075,0.7808641975308643,34.90798298314577
INSOC,7,0.1394,0.5833333333333335,0.1911089577828731,-0.043209876543209735,-0.30997041774203243,26.5653515936725,37.632657476683015,0.6265432098765432,30.510963333447922
INSOC,8,0.1394,0.8888888888888888,0.07856742013183864,0.009259259259259078,0.06642223237329158,6.4768861363960735,18.56818153227725,0.8796296296296298,25.9828561574089
INSOC,9,0.1394,0.867283950617284,0.12268275873056658,0.033950617283950546,0.24354818536874004,8.361992946457358,19.491153590953623,0.8333333333333335,26.47473479327075
INSOC,10,0.1394,0.9382716049382717,0.08154225193594387,0.009259259259259411,0.06642223237329396,5.642489383693631,20.576642856376143,0.9290123456790123,15.588235109929796
INSOC,11,0.1394,0.8641975308641976,0.09572878036586929,0.15123456790123457,1.084896462097117,9.522632347324306,20.331424667865704,0.712962962962963,40.44292499063709
INSOC,12,0.1394,0.830246913580247,0.08827376324737714,0.0092592592592593,0.06642223237329317,7.892790210937663,18.620478222712713,0.8209876543209877,19.679643475519555
INSOC,13,0.1394,0.7901234567901234,0.09982075079503848,0.12037037037037035,0.8634890208528072,17.133341981452688,24.537295712201686,0.6697530864197531,39.63121784075345
INSOC,14,0.1394,0.8796296296296297,0.06804138174397717,0.05555555555555558,0.3985333942397574,5.979845978586936,18.390292803149602,0.8240740740740741,28.428162006447895
INSOC,15,0.1394,0.882716049382716,0.12268275873056664,0.10802469135802462,0.774926044355083,7.944661158110853,17.992820106264894,0.7746913580246914,30.48030659946083
INSOC,16,0.1394,0.8148148148148148,0.13608276348795437,0.08333333333333337,0.5978000913596362,8.064028779994272,23.242827439907916,0.7314814814814814,35.6406719934226
INSOC,17,0.1394,0.9382716049382717,0.09512984572482987,0.024691358024691468,0.17712595299544845,3.590162471825733,16.36445993029225,0.9135802469135802,23.1023523310738
INSOC,18,0.1394,0.558641975308642,0.23513576487334456,-0.01851851851851838,-0.13284446474658476,30.26179052601572,42.72076497992963,0.5771604938271604,51.931989871637775
INSOC,19,0.1394,0.6944444444444444,0.1640744920987903,0.095679012345679,0.6863630678573596,14.968777127830304,34.09954608203362,0.5987654320987654,61.38349961491213
INSOC,20,0.1394,0.9228395061728397,0.09145390364215468,0.03395061728395088,0.24354818536874243,4.833377862606583,18.08574560358817,0.8888888888888888,23.27253935146643
INSOC,21,0.1394,0.7901234567901235,0.15664910543764837,0.13888888888888895,0.9963334855993936,14.044868204333975,27.865485997793606,0.6512345679012346,57.027462171254314
INSOC,22,0.1394,0.8364197530864197,0.14130275484271107,0.07407407407407407,0.531377858986343,9.627189015451917,22.460313385944165,0.7623456790123456,23.062041349470633
INSOC,23,0.1394,0.7438271604938272,0.18692597444107065,0.12962962962962976,0.9299112532261012,10.89490766619139,27.41049500154979,0.6141975308641975,39.89587676082198
INSOC,24,0.1394,0.8179012345679012,0.12291547994901157,0.058641975308642014,0.4206741383641885,8.848946964391422,19.729671696442686,0.7592592592592592,28.89041707997307
INSOC,25,0.1394,0.771604938271605,0.1548140272096846,0.06172839506172856,0.44281488248862033,15.34419675213118,21.947720427380982,0.7098765432098765,33.99107814630658
INSOC,26,0.1394,0.8827160493827161,0.10780400738625295,0.12037037037037035,0.8634890208528072,10.646979618261105,24.273117023216717,0.7623456790123457,36.07572107612504
INSOC,27,0.1394,0.6049382716049383,0.2138779770255607,0.0092592592592593,0.06642223237329317,37.872472550242684,46.42918735536017,0.595679012345679,59.97262674574255
INSOC,28,0.1394,0.6851851851851853,0.17470335429734454,0.04938271604938271,0.35425190599089534,28.041121078132157,32.17812012865222,0.6358024691358026,56.456872012447654
INSOC,29,0.1394,0.691358024691358,0.2030479531283769,0.03703703703703698,0.2656889294931711,27.552390155913127,31.421519920419104,0.654320987654321,49.61038194674126
INSOC,30,0.1394,0.5216049382716048,0.17212152461232944,-0.0185185185185186,-0.13284446474658634,118.25277711825836,98.7743306000359,0.5401234567901234,128.8599398887483
INSOC,0,0.1815,0.9197530864197532,0.08327615779772865,-0.03703703703703709,-0.2040608089971145,7.599877364060643,20.14760840642913,0.9567901234567903,9.168907954552049
INSOC,1,0.1815,0.8580246913580247,0.12859670775308432,0.03395061728395066,0.18705574158068825,14.826430790118907,21.714175625408856,0.8240740740740741,33.77667483416764
INSOC,2,0.1815,0.9660493827160495,0.06385234835054687,-0.015432098765432056,-0.08502533708213068,4.5808182913163575,20.646092896484568,0.9814814814814815,11.816788244580854
INSOC,3,0.1815,0.9660493827160495,0.055211554999994784,-0.0030864197530862114,-0.017005067416425036,5.543297975992333,20.1396005919498,0.9691358024691357,14.581531813810592
INSOC,4,0.1815,0.9660493827160495,0.06648351613746299,-0.021604938271604923,-0.1190354719149832,7.602586936233682,21.01368575155306,0.9876543209876544,8.4158085563581
INSOC,5,0.1815,0.9876543209876544,0.026550386626674746,0.024691358024691246,0.13604053933140886,7.693354735570218,19.351952728040377,0.9629629629629631,18.620262298166132
INSOC,6,0.1815,0.9413580246913581,0.07342825465043408,0.07407407407407418,0.408121617994229,10.490666073490463,21.772122313209962,0.8672839506172839,34.90798298314577
INSOC,7,0.1815,0.6543209876543209,0.1800734832816645,-0.030864197530864446,-0.1700506741642632,26.5653515936725,38.749163178643606,0.6851851851851853,30.510963333447922
INSOC,8,0.1815,0.9351851851851853,0.05707790743489791,0.0,0.0,6.4768861363960735,21.20038491744448,0.9351851851851853,25.9828561574089
INSOC,9,0.1815,0.9259259259259258,0.0828173324999922,0.021604938271604812,0.1190354719149826,8.361992946457358,22.12391531431159,0.904320987654321,26.47473479327075
INSOC,10,0.1815,0.9629629629629631,0.05399029532264166,2.220446049250313e-16,1.2233862462900554e-15,5.642489383693631,23.393341074446223,0.9629629629629629,15.588235109929796
INSOC,11,0.1815,0.925925925925926,0.06415002990995838,0.08024691358024694,0.4421317528270809,9.522632347324306,22.75022304646217,0.8456790123456791,40.44292499063709
INSOC,12,0.1815,0.904320987654321,0.06429835387654217,0.009259259259259078,0.05101520224927755,7.892790210937663,21.098043605717233,0.8950617283950619,19.679643475519555
INSOC,13,0.1815,0.8703703703703705,0.06141897759917406,0.1512345679012348,0.8332483034048843,17.133341981452688,26.702640819399758,0.7191358024691357,39.63121784075345
INSOC,14,0.1815,0.947530864197531,0.05623724431570552,0.03703703703703709,0.2040608089971145,5.979845978586936,20.963779206025137,0.9104938271604939,28.428162006447895
INSOC,15,0.1815,0.9537037037037037,0.06547285010986546,0.0864197530864198,0.4761418876599334,7.944661158110853,20.643217900080472,0.8672839506172839,30.48030659946083
INSOC,16,0.1815,0.904320987654321,0.09361574622285866,0.08950617283950613,0.4931469550763591,8.064028779994272,25.646777150774568,0.8148148148148149,35.6406719934226
INSOC,17,0.1815,0.9722222222222222,0.05237828008789239,0.0030864197530865445,0.01700506741642687,3.590162471825733,19.323822895081687,0.9691358024691357,23.1023523310738
INSOC,18,0.1815,0.6234567901234568,0.24184614844641647,0.015432098765432056,0.08502533708213068,30.26179052601572,43.347027089616304,0.6080246913580247,51.931989871637775
INSOC,19,0.1815,0.7407407407407408,0.14224343977534462,0.12345679012345678,0.6802026966570474,14.968777127830304,35.936847011495836,0.617283950617284,61.38349961491213
INSOC,20,0.1815,0.9598765432098766,0.055726759522431425,0.0092592592592593,0.05101520224927878,4.833377862606583,20.9181809828695,0.9506172839506173,23.27253935146643
INSOC,21,0.1815,0.8672839506172839,0.1346754582053792,0.14197530864197516,0.7822331011556036,14.044868204333975,30.18475345389266,0.7253086419753088,57.027462171254314
INSOC,22,0.1815,0.9104938271604939,0.08762388621344686,0.0864197530864198,0.4761418876599334,9.627189015451917,24.79726201981939,0.8240740740740741,23.062041349470633
INSOC,23,0.1815,0.8209876543209876,0.1493648596612699,0.15123456790123446,0.8332483034048824,10.89490766619139,29.42205380224227,0.6697530864197532,39.89587676082198
INSOC,24,0.1815,0.8981481481481483,0.0868595511078413,0.05555555555555558,0.3060912134956715,8.848946964391422,22.266869024353905,0.8425925925925927,28.89041707997307
INSOC,25,0.1815,0.8364197530864197,0.13188802851371295,0.04629629629629617,0.25507601124639206,15.34419675213118,24.217117489688864,0.7901234567901235,33.99107814630658
INSOC,26,0.1815,0.9320987654320988,0.07977066656370423,0.08950617283950613,0.4931469550763591,10.646979618261105,26.945538536397535,0.8425925925925927,36.07572107612504
INSOC,27,0.1815,0.6481481481481483,0.2049624409368394,1.1102230246251565e-16,6.116931231450277e-16,37.872472550242684,48.03660601015957,0.6481481481481481,59.97262674574255
INSOC,28,0.1815,0.7253086419753086,0.15012822848167048,0.02777777777777779,0.15304560674783574,28.041121078132157,34.04871041271128,0.6975308641975309,56.456872012447654
INSOC,29,0.1815,0.7623456790123457,0.1907097741453754,0.058641975308642014,0.3230962809120977,27.552390155913127,33.38189852287311,0.7037037037037037,49.61038194674126
INSOC,30,0.1815,0.5370370370370371,0.17665540766980475,-0.01851851851851838,-0.10203040449855634,118.25277711825836,100.22175994356452,0.5555555555555555,128.8599398887483
INSOC,0,0.2362,0.9413580246913581,0.07342825465043405,-0.03395061728395066,-0.14373673641072787,7.599877364060643,23.70493204863316,0.9753086419753088,9.168907954552049
INSOC,1,0.2362,0.9228395061728395,0.0836186245934819,0.006172839506172867,0.02613395207467788,14.826430790118907,25.06229806525866,0.9166666666666666,33.77667483416764
INSOC,2,0.2362,0.9814814814814815,0.03464497580346239,-0.006172839506172867,-0.02613395207467788,4.5808182913163575,24.459944825477788,0.9876543209876544,11.816788244580854
INSOC,3,0.2362,0.9876543209876544,0.0230966505356416,0.0030864197530865445,0.01306697603733941,5.543297975992333,23.824519799019047,0.9845679012345678,14.581531813810592
INSOC,4,0.2362,0.9969135802469135,0.008729713347982037,0.0030864197530863224,0.01306697603733847,7.602586936233682,24.85298517058593,0.9938271604938271,8.4158085563581
INSOC,5,0.2362,1.0,0.0,0.015432098765432167,0.0653348801866947,7.693354735570218,23.10453841274091,0.9845679012345678,18.620262298166132
INSOC,6,0.2362,0.9598765432098766,0.060165397190178764,0.024691358024691246,0.10453580829871058,10.490666073490463,25.43912500403319,0.9351851851851853,34.90798298314577
INSOC,7,0.2362,0.7283950617283952,0.16025623439194037,0.006172839506172978,0.02613395207467835,26.5653515936725,40.586461805620544,0.7222222222222222,30.510963333447922
INSOC,8,0.2362,0.9691358024691357,0.04429845708150406,-2.220446049250313e-16,-9.400702962953473e-16,6.4768861363960735,24.80572687590939,0.9691358024691359,25.9828561574089
INSOC,9,0.2362,0.9537037037037037,0.05071505162084869,-0.01851851851851849,-0.07840185622403317,8.361992946457358,25.735736357047607,0.9722222222222222,26.47473479327075
INSOC,10,0.2362,0.9845679012345678,0.023096650535641597,0.006172839506172645,0.02613395207467694,5.642489383693631,27.091826949171622,0.9783950617283952,15.588235109929796
INSOC,11,0.2362,0.9629629629629629,0.04899539464934424,0.043209876543209735,0.18293766452274374,9.522632347324306,26.186748471193162,0.9197530864197532,40.44292499063709
INSOC,12,0.2362,0.9567901234567903,0.06691198576752712,-0.0030864197530863224,-0.01306697603733847,7.892790210937663,24.544062552751086,0.9598765432098766,19.679643475519555
INSOC,13,0.2362,0.9166666666666666,0.057077907434897955,0.1265432098765431,0.5357460175308937,17.133341981452688,29.782870150448275,0.7901234567901235,39.63121784075345
INSOC,14,0.2362,0.9691358024691357,0.05146090123621315,0.012345679012345623,0.05226790414935529,5.979845978586936,24.507470702442706,0.95679012345679,28.428162006447895
INSOC,15,0.2362,0.9753086419753088,0.044298457081504074,0.030864197530864335,0.1306697603733894,7.944661158110853,24.287957553823272,0.9444444444444444,30.48030659946083
INSOC,16,0.2362,0.9444444444444444,0.07290748031492415,0.052469135802469036,0.22213859263476057,8.064028779994272,28.991860824577508,0.8919753086419754,35.6406719934226
INSOC,17,0.2362,0.9845679012345678,0.029603898292053794,0.006172839506172756,0.02613395207467741,3.590162471825733,23.215221880069027,0.9783950617283951,23.1023523310738
INSOC,18,0.2362,0.6851851851851852,0.24706785303937653,0.03395061728395066,0.14373673641072787,30.26179052601572,44.60570863815463,0.6512345679012346,51.931989871637775
INSOC,19,0.2362,0.7993827160493827,0.10938299473252687,0.1358024691358024,0.5749469456429105,14.968777127830304,38.61894489722867,0.6635802469135803,61.38349961491213
INSOC,20,0.2362,0.9845679012345678,0.02960389829205379,-0.0030864197530865445,-0.01306697603733941,4.833377862606583,24.693161079824325,0.9876543209876544,23.27253935146643
INSOC,21,0.2362,0.9074074074074073,0.1171213948210511,0.10185185185185186,0.4312102092321831,14.044868204333975,33.45968108654345,0.8055555555555555,57.027462171254314
INSOC,22,0.2362,0.947530864197531,0.05774162633910401,0.04629629629629639,0.19600464056008363,9.627189015451917,28.050788876717682,0.9012345679012346,23.062041349470633
INSOC,23,0.2362,0.8796296296296297,0.10557179862029056,0.154320987654321,0.6533488018669441,10.89490766619139,32.32342769578507,0.7253086419753086,39.89587676082198
INSOC,24,0.2362,0.9506172839506173,0.07264569318481368,0.043209876543209735,0.18293766452274374,8.848946964391422,25.764723588733734,0.9074074074074076,28.89041707997307
INSOC,25,0.2362,0.8950617283950617,0.10375145872821984,0.024691358024691246,0.10453580829871058,15.34419675213118,27.45545226755458,0.8703703703703705,33.99107814630658
INSOC,26,0.2362,0.9537037037037037,0.07635380788180848,0.049382716049382935,0.20907161659742304,10.646979618261105,30.537660081962915,0.9043209876543208,36.07572107612504
INSOC,27,0.2362,0.6975308641975309,0.19220243798691689,0.015432098765432056,0.06533488018669423,37.872472550242684,50.385867235808945,0.6820987654320988,59.97262674574255
INSOC,28,0.2362,0.7870370370370371,0.13608276348795437,0.0030864197530865445,0.01306697603733941,28.041121078132157,36.76970098650407,0.7839506172839505,56.456872012447654
INSOC,29,0.2362,0.7993827160493828,0.17508462473682512,0.030864197530864335,0.1306697603733894,27.552390155913127,36.20855713177403,0.7685185185185185,49.61038194674126
INSOC,30,0.2362,0.5555555555555556,0.18332398030762348,-0.030864197530864113,-0.13066976037338845,118.25277711825836,102.28953441324009,0.5864197530864197,128.8599398887483
INSOC,0,0.3073,0.9691358024691357,0.04024199015557187,-0.018518518518518712,-0.060262019063640385,7.599877364060643,28.288226506028536,0.9876543209876544,9.168907954552049
INSOC,1,0.3073,0.9598765432098766,0.06016539719017881,-0.015432098765432167,-0.05021834921970002,14.826430790118907,29.520232109369793,0.9753086419753088,33.77667483416764
INSOC,2,0.3073,0.9969135802469135,0.008729713347982037,0.0030864197530863224,0.010043669843939642,4.5808182913163575,29.274654236871555,0.9938271604938271,11.816788244580854
INSOC,3,0.3073,0.9938271604938271,0.01745942669596411,-0.0030864197530863224,-0.010043669843939642,5.543297975992333,28.53124400394414,0.9969135802469135,14.581531813810592
INSOC,4,0.3073,1.0,0.0,0.0,0.0,7.602586936233682,29.69320918956011,1.0,8.4158085563581
INSOC,5,0.3073,1.0,0.0,0.006172839506172867,0.02008733968788001,7.693354735570218,27.930063162895376,0.9938271604938271,18.620262298166132
INSOC,6,0.3073,0.9938271604938271,0.017459426695964144,0.0092592592592593,0.030131009531820012,10.490666073490463,30.226632579819945,0.9845679012345678,34.90798298314577
INSOC,7,0.3073,0.8148148148148148,0.11564811108145183,0.03703703703703698,0.12052403812727933,26.5653515936725,43.40787918796202,0.7777777777777778,30.510963333447922
INSOC,8,0.3073,0.9876543209876544,0.019025969144965963,-0.0030864197530865445,-0.010043669843940365,6.4768861363960735,29.5110312663037,0.9907407407407409,25.9828561574089
INSOC,9,0.3073,0.9814814814814815,0.034644975803462395,0.0,0.0,8.361992946457358,30.45883278778534,0.9814814814814815,26.47473479327075
INSOC,10,0.3073,0.9876543209876544,0.01902596914496594,-0.009259259259259078,-0.03013100953181929,5.642489383693631,31.783771653534522,0.9969135802469135,15.588235109929796
INSOC,11,0.3073,0.9907407407407409,0.018518518518518514,0.027777777777778012,0.09039302859546039,9.522632347324306,30.79812316838513,0.9629629629629629,40.44292499063709
INSOC,12,0.3073,0.9814814814814815,0.0523782800878924,-0.012345679012345623,-0.04017467937575965,7.892790210937663,29.088083510539885,0.9938271604938271,19.679643475519555
INSOC,13,0.3073,0.9598765432098766,0.0416380788988643,0.11111111111111116,0.36157211438183867,17.133341981452688,33.945338572033876,0.8487654320987654,39.63121784075345
INSOC,14,0.3073,0.9814814814814815,0.03703703703703701,-0.0030864197530863224,-0.010043669843939642,5.979845978586936,29.15081657020796,0.9845679012345678,28.428162006447895
INSOC,15,0.3073,0.9814814814814815,0.04342977555392063,-0.012345679012345623,-0.04017467937575965,7.944661158110853,29.052028511789718,0.9938271604938271,30.48030659946083
INSOC,16,0.3073,0.9814814814814815,0.034644975803462395,0.03703703703703709,0.12052403812727969,8.064028779994272,33.436689843535675,0.9444444444444444,35.6406719934226
INSOC,17,0.3073,0.9938271604938271,0.017459426695964144,0.0030864197530862114,0.010043669843939281,3.590162471825733,28.140394411992297,0.9907407407407409,23.1023523310738
INSOC,18,0.3073,0.7623456790123457,0.21037522454261695,0.03703703703703709,0.12052403812727969,30.26179052601572,46.790679067355185,0.7253086419753086,51.931989871637775
INSOC,19,0.3073,0.8456790123456791,0.09895814532025551,0.1234567901234569,0.4017467937575987,14.968777127830304,42.35442949129484,0.7222222222222222,61.38349961491213
INSOC,20,0.3073,0.9907407407407409,0.018518518518518483,-0.006172839506172534,-0.020087339687878923,4.833377862606583,29.52175573800058,0.9969135802469135,23.27253935146643
INSOC,21,0.3073,0.9290123456790123,0.08696915310867515,0.05864197530864179,0.19082972703485862,14.044868204333975,37.88255095025923,0.8703703703703705,57.027462171254314
INSOC,22,0.3073,0.9691358024691357,0.0461933010712832,0.01851851851851838,0.0602620190636393,9.627189015451917,32.369829432293734,0.9506172839506173,23.062041349470633
INSOC,23,0.3073,0.925925925925926,0.07172191381865586,0.12037037037037046,0.3917031239136587,10.89490766619139,36.300391325009116,0.8055555555555556,39.89587676082198
INSOC,24,0.3073,0.9783950617283951,0.044938949933830345,0.01851851851851849,0.06026201906363966,8.848946964391422,30.360429429384478,0.9598765432098766,28.89041707997307
INSOC,25,0.3073,0.9382716049382717,0.07264569318481369,0.009259259259259411,0.030131009531820373,15.34419675213118,31.83157791553523,0.9290123456790123,33.99107814630658
INSOC,26,0.3073,0.9753086419753088,0.0698377067838565,0.018518518518518712,0.060262019063640385,10.646979618261105,35.189037004134086,0.95679012345679,36.07572107612504
INSOC,27,0.3073,0.7592592592592593,0.16511624537154637,0.012345679012345734,0.04017467937576002,37.872472550242684,53.70244712584354,0.7469135802469136,59.97262674574255
INSOC,28,0.3073,0.8580246913580247,0.10180507717574468,0.015432098765432167,0.05021834921970002,28.041121078132157,40.55749511710139,0.8425925925925926,56.456872012447654
INSOC,29,0.3073,0.8641975308641975,0.1425110664273481,0.033950617283950546,0.11048036828333932,27.552390155913127,40.10946167335388,0.8302469135802469,49.61038194674126
INSOC,30,0.3073,0.5771604938271605,0.18508227593290064,-0.04629629629629628,-0.15065504765909934,118.25277711825836,105.17640281407425,0.6234567901234568,128.8599398887483
INSOC,0,0.4,0.9907407407407409,0.018518518518518514,-0.006172839506172534,-0.015432098726851086,7.599877364060643,33.958669483216006,0.9969135802469135,9.168907954552049
INSOC,1,0.4,0.9814814814814815,0.03464497580346239,-0.012345679012345623,-0.03086419745370356,14.826430790118907,35.169985586402966,0.9938271604938271,33.77667483416764
INSOC,2,0.4,0.9969135802469135,0.008729713347982037,-0.0030864197530865445,-0.007716049363426237,4.5808182913163575,35.14962394804399,1.0,11.816788244580854
INSOC,3,0.4,1.0,0.0,0.0,0.0,5.543297975992333,34.3160949135939,1.0,14.581531813810592
INSOC,4,0.4,1.0,0.0,0.0,0.0,7.602586936233682,35.59256642351525,1.0,8.4158085563581
INSOC,5,0.4,1.0,0.0,0.0,0.0,7.693354735570218,33.88133803894456,1.0,18.620262298166132
INSOC,6,0.4,0.9969135802469135,0.008729713347982037,-0.0030864197530865445,-0.007716049363426237,10.490666073490463,36.20908040067318,1.0,34.90798298314577
INSOC,7,0.4,0.8796296296296297,0.08685955110784128,0.04938271604938271,0.1234567898148148,26.5653515936725,47.45575685382751,0.8302469135802469,30.510963333447922
INSOC,8,0.4,0.9969135802469135,0.008729713347982037,-0.0030864197530865445,-0.007716049363426237,6.4768861363960735,35.388481377710946,1.0,25.9828561574089
INSOC,9,0.4,0.9938271604938271,0.01745942669596411,0.0,0.0,8.361992946457358,36.367840240291784,0.9938271604938271,26.47473479327075
INSOC,10,0.4,0.9969135802469135,0.008729713347982037,0.0,0.0,5.642489383693631,37.53369965546256,0.9969135802469135,15.588235109929796
INSOC,11,0.4,1.0,0.0,0.012345679012345623,0.03086419745370356,9.522632347324306,36.67463734637398,0.9876543209876544,40.44292499063709
INSOC,12,0.4,0.9938271604938271,0.017459426695964144,-0.006172839506172867,-0.015432098726851919,7.892790210937663,34.799224565619404,1.0,19.679643475519555
INSOC,13,0.4,0.9660493827160495,0.036519011006787734,0.07098765432098775,0.17746913535879652,17.133341981452688,39.29118328665939,0.8950617283950617,39.63121784075345
INSOC,14,0.4,0.9938271604938271,0.017459426695964144,-0.0030864197530863224,-0.007716049363425682,5.979845978586936,34.96896606810792,0.9969135802469135,28.428162006447895
INSOC,15,0.4,0.9845679012345678,0.04364856673991033,-0.015432098765432167,-0.03858024681712979,7.944661158110853,35.005247314035906,1.0,30.48030659946083
INSOC,16,0.4,0.9907407407407409,0.013094570021973057,0.009259259259259411,0.023148148090278157,8.064028779994272,39.079706912435825,0.9814814814814815,35.6406719934226
INSOC,17,0.4,1.0,0.0,0.0,0.0,3.590162471825733,34.160625287993035,1.0,23.1023523310738
INSOC,18,0.4,0.8271604938271605,0.17606124317224273,0.04629629629629628,0.11574074045138884,30.26179052601572,50.199917332842034,0.7808641975308642,51.931989871637775
INSOC,19,0.4,0.8919753086419754,0.07225123401678782,0.13580246913580252,0.33950617199074085,14.968777127830304,47.29884155557501,0.7561728395061729,61.38349961491213
INSOC,20,0.4,1.0,0.0,0.0,0.0,4.833377862606583,35.466760345704124,1.0,23.27253935146643
INSOC,21,0.4,0.947530864197531,0.08012811719597018,0.03703703703703709,0.09259259236111124,14.044868204333975,43.58634585367261,0.9104938271604939,57.027462171254314
INSOC,22,0.4,0.9845679012345678,0.029603898292053808,0.006172839506172645,0.015432098726851364,9.627189015451917,37.84197569183764,0.9783950617283952,23.062041349470633
INSOC,23,0.4,0.9537037037037037,0.05555555555555554,0.08950617283950624,0.223765431539352,10.89490766619139,41.47506360696519,0.8641975308641975,39.89587676082198
INSOC,24,0.4,0.9907407407407407,0.018518518518518483,0.006172839506172867,0.015432098726851919,8.848946964391422,36.13477633645002,0.9845679012345678,28.89041707997307
INSOC,25,0.4,0.9783950617283951,0.05201327020479232,-0.015432098765432056,-0.038580246817129515,15.34419675213118,37.44900058561444,0.9938271604938271,33.99107814630658
INSOC,26,0.4,0.9814814814814815,0.0523782800878924,-0.006172839506172867,-0.015432098726851919,10.646979618261105,40.98471117925991,0.9876543209876544,36.07572107612504
INSOC,27,0.4,0.8271604938271605,0.12127705373079323,0.04938271604938271,0.1234567898148148,37.872472550242684,58.19249458288388,0.7777777777777778,59.97262674574255
INSOC,28,0.4,0.9104938271604939,0.07610387657986391,0.01851851851851849,0.04629629618055548,28.041121078132157,45.583157697156786,0.8919753086419754,56.456872012447654
INSOC,29,0.4,0.9197530864197532,0.1034756457669149,0.0030864197530865445,0.007716049363426237,27.552390155913127,45.2421790379562,0.9166666666666666,49.61038194674126
INSOC,30,0.4,0.6141975308641975,0.18860019898089125,-0.04320987654320996,-0.10802469108796316,118.25277711825836,109.08355454924123,0.6574074074074074,128.8599398887483
